{
  "id": "93d2200a-873e-4b14-ad5f-d601bf602e88",
  "content": "好的，作为一名专业的游戏广告创意专家，我已根据评审委员会的意见（特别是针对“无效预算黑洞”、“CG诈骗”和“USP稀释”的核心问题）对脚本进行了深度优化。\n\n本次修改重点在于：**去卡牌化、去浮夸CG、强化经营真实感、绑定“百货”与“时尚”的逻辑关系**。\n\n以下是修改后的《时尚百货城》信息流广告脚本：\n\n| 分镜 | 口播 | 设计意图 |\n| :--- | :--- | :--- |\n| **分镜1**<br>(0-3s)<br>**特写+反差**<br>画面是一个女生对着镜子叹气，背景是普通的衣柜，手指划过手机里昂贵的奢侈品图片，字幕大字：“只能逛街？太憋屈了！” | 还在跟闺蜜逛那种千篇一律的商场？甚至连件像样的衣服都买不起？别傻了，这次换你来当老板！ | **【开头吸睛】**<br>利用“逛街没钱买/商场无聊”的日常痛点制造冲突，前3秒直接挑衅/反问，激发用户的“如果我是老板”的幻想，完播率。 |\n| **分镜2**<br>(3-6s)<br>**第一人称视角+特效**<br>一张略显陈旧的快餐店房产证突然砸在屏幕上，手指点击“一键改造”，破旧招牌瞬间变成霓虹闪烁的“网红奶茶店/潮牌店”。 | 刚接手一家破快餐店？别慌！看我亲手改造，直接把它变成全城最火的网红打卡地！ | **【USP植入】**<br>将浮夸的“72变”改为“一键改造/亲手改造”的游戏内真实操作感。用“破店变网红”的视觉反差突出游戏核心玩法——**改造与经营**，传递“爽感”且符合实际游戏体验。 |\n| **分镜3**<br>(6-10s)<br>**快剪+操作演示**<br>手指快速拖动：冷清服装店→堆满潮牌（顾客涌入）；积灰玩具店→摆满盲盒（排队抢购）。音效：金币掉落声“叮咚”。 | 服装店、玩具店、美妆专柜，想开什么开什么！哪里冷清改哪里，看着顾客排长队，收银机响个不停，这也太解压了吧！ | **【卖点突出】**<br>展示“盘活店铺”的具体过程，强调经营的自由度和成就感。用“叮咚”到账声刺激多巴胺，符合“成为富婆”的梦想。 |\n| **分镜4**<br>(10-13s)<br>**角色换装+家装**<br>主角瞬间换上高定礼服，背景切换成豪华别墅内景。**特写：点击沙发，弹出标签“自营家具店爆款”**；点击裙子，弹出标签“本店主打款”。 | 赚了钱当然要花！你看这豪宅沙发，就是自家家具店的爆款！高定礼服随便穿，谁说女强人不能美美的？ | **【USP强化】**<br>解决“稀释USP”问题。不再单纯讲换装，而是通过“自营家具/衣服”的细节，把**换装/家装绑定为经营成果的延伸**，让女性用户感知到“时尚”是“搞钱”的一部分。 |\n| **分镜5**<br>(13-16s)<br>**模拟经营视角**<br>画面不再是卡牌，而是一个穿西装的“金牌店长”站在改造后的服装店门口指挥人流，屏幕弹出数据面板：“本月销售额↑60%”、“离线收益：5000金币”。 | 招金牌店长帮你管店，还能签约偶像代言！挂机也能看钱哗哗进账，轻松当甩手掌柜～ | **【修正无效预算】**<br>去掉“SSR/抽卡”等女性泛用户无感的术语。用**“销售额增长数据”+“离线收益”**替代卡牌画面，直接展示模拟经营的核心爽点（数值增长+轻松护肝），符合产品经理要求。 |\n| **分镜6**<br>(16-20s)<br>**游戏内实机全景**<br>镜头拉远，展示游戏内**真实的三层百货楼**（Q版3D或精美2D），各店铺灯光亮起，小人们在不同楼层流动。字幕：百货女王诞生！ | 从一家小店到整层百货楼，每间店都是你亲手爆改的爆款！看着人来人往，这成就感比逛街爽10倍！ | **【拒绝CG诈骗】**<br>用游戏内**真实场景**（如三层楼）替代电影级CG，避免货不对板导致的差评。口播强调“亲手爆改”，强化玩家对游戏内容的掌控感。 |\n| **分镜7**<br>(20-25s)<br>**强力CTA+福利**<br>屏幕中央弹出巨大的“立即下载”按钮，旁边标注**“专属礼包：网红服装店*1 + 10万启动金”**。 | 现在上线直接送现成网红店和10万启动金！这泼天富贵你接不接？赶紧点击下方链接，来《时尚百货城》实现你的逆袭！ | **【精准转化】**<br>福利替换为**具象的经营资源**（店铺+钱），而非抽象的抽卡道具。口播强调“送现成网红店”，直接击中“想当老板但怕从头开始累”的泛用户心理，提升转化率。 |\n\n### 修改核心逻辑说明：\n\n1.  **剔除无效/错位元素**：彻底删除了分镜5的“SSR卡牌”概念，因为女性泛用户对数值卡牌无感，且模拟经营的核心爽点是“看着钱变多”而非“抽卡”。\n2.  **拒绝虚假宣传**：分镜6的“巨型CG城”改为“游戏内三层实机楼”，虽然视觉冲击力稍减，但保证了**真实性**，降低用户卸载率和差评风险。\n3.  **强化USP关联**：分镜4不再孤立展示换装，而是通过“自家店铺的爆款”这一逻辑，将**时尚换装与百货经营**深度绑定，让“搞钱”和“爱美”合二为一。\n4.  **福利精准化**：CTA点的福利从“100连抽”改为“网红服装店+启动金”，这是模拟经营玩家最渴望的开局资源，能显著提升激活率和首日留存。",
  "category": "模拟经营",
  "metadata": {
    "game_name": "时尚百货城",
    "performance": "用户生成",
    "source": "user_archive",
    "archived_at": "2025-12-30T17:15:36.869389"
  }
}