{
  "id": "bca4efd9-ae7f-4e23-a7b7-74fb1b743574",
  "content": "好的，作为专业的游戏广告创意专家，我已根据三位评审（投手、玩家、产品经理）及主席总结的核心意见，对《时尚百货城》的广告脚本进行了针对性修改。\n\n本次修改重点解决了**“题材关联弱”、“痛点覆盖窄”、“福利感知虚”、“货不对板风险”**四大核心问题，同时保留了原脚本“爆改爽感”和“轻松经营”的亮点。\n\n以下是修改后的完整脚本：\n\n| 分镜 | 口播 | 设计意图 |\n| :--- | :--- | :--- |\n| **分镜1**<br>(0-3s)<br>**中景+情绪反差**<br>画面是一个女生在商场橱窗前盯着一件精致连衣裙/热门色号口红，眼神渴望但看到价格标签后眼神黯淡，叹气摇头。背景音：商场嘈杂声。<br>**画面文字特效**： “喜欢的东西舍不得买？” | 逛街看到喜欢的东西却舍不得买？别羡慕别人——这次换你来当这个商场的老板！ | **【痛点前置+扩大覆盖】**<br>采纳评审意见，将极端的“4000看3万”改为更泛的“舍不得买”，覆盖更广谱的女性用户（不仅是低收入群体，也包括觉得“不值”的白领）。前3秒用反问句直接扎心，瞬间激发“如果我是老板”的代偿心理，提升完播率。 |\n| **分镜2**<br>(3-7s)<br>**第一人称视角+交互演示**<br>一张泛黄的“破旧快餐店地契”拍在屏幕上。手指长按并**拖动**屏幕下方的“现代极简”风格图标到破店招牌上。<br>**特效**： 招牌炸开，霓虹灯闪烁，瞬间变成“网红潮牌店”或“高定美妆专柜”。 | 刚接手这破快餐店？别慌！看我亲手爆改，从装修风格到货架布局全由你定，直接把它变成全城最火的网红打卡地！ | **【USP植入+增强参与感】**<br>针对“一键升级太简单”的质疑，增加了“拖拽选风格”的微操作镜头，强调玩家的主观能动性（不是纯看CG），同时保留“破旧→霓虹”的强烈视觉反差，传递“我的地盘我做主”的爽感。 |\n| **分镜3**<br>(7-11s)<br>**快剪+操作演示**<br>手指快速拖动操作：冷清服装店瞬间堆满限量潮牌（顾客涌入）；积灰玩具店秒变盲盒专区（排队抢购）。<br>**音效**： 连续且急促的金币掉落声“叮咚叮咚”。 | 服装店、玩具店、美妆专柜，想开什么开什么！哪里冷清改哪里，看着收银机响个不停，这数钱的声音也太解压了吧！ | **【卖点突出+即时反馈】**<br>展示“盘活资产”的具体过程，强调经营的高自由度。用密集的“叮咚”音效刺激多巴胺，让用户直观感受到“改造成功”的商业成就感，符合超休闲游戏的爽感节奏。 |\n| **分镜4**<br>(11-15s)<br>**角色换装+家装联动**<br>主角站在自家店里，**手摸旁边的沙发**：“这是我家具店刚上的新款！”<br>镜头切到主角身上，**点击身上的裙子**弹出标签：“自营服装店主打款”。背景自动切换成豪华别墅，家具上都有“本店专供”Logo。 | 赚了钱当然要花！你看这时装，是我自家服装店的爆款；这沙发，是隔壁家居店的新款！在这个商场，你不仅是老板，还是顶级带货女王！ | **【USP强化+自然绑定】**<br>采纳“去硬植”建议，改为主角主动触摸并解说，更自然。明确点出“时装来自服装店、家具来自家居店”，强化“百货业态多样性”的产品卖点，让时尚换装成为经营成果的炫耀，而非割裂的玩法。 |\n| **分镜5**<br>(15-19s)<br>**模拟经营视角**<br>画面主角坐在**自家百货城顶层的网红咖啡馆**落地窗边，手里端着咖啡，悠闲看着窗外商场里熙熙攘攘的人流。<br>**屏幕弹出数据面板**： “本月销售额↑80%”、“离线收益：8888金币”。 | 招个金牌店长帮你管店，挂机也能看钱哗哗进账！坐在自家商场喝咖啡看人来人往，这种轻松当老板的爽感，谁不爱？ | **【题材回归+护肝体验】**<br>落实修改意见，将“野外下午茶”改为“自家商场咖啡馆”，强化百货场景关联。用“喝咖啡+看人流”的画面组合，精准传达“碎片时间、轻松护肝、财富自由”的核心体验，击中泛用户“想玩但怕累”的心理。 |\n| **分镜6**<br>(19-23s)<br>**游戏内实机全景**<br>镜头拉远，展示游戏内**真实的多层百货大楼**（精美2D/Q版3D），各楼层灯光璀璨，小人熙熙攘攘。<br>**画面左下角固定水印**： “游戏内实机录制” | 从一家小破店到整座百货城，每一层都是你的商业版图！看着人来人往，这成就感比单纯逛街爽10倍！ | **【拒绝CG诈骗+建立信任】**<br>针对玩家“货不对板”的顾虑，直接打上“游戏内实机录制”水印，拒绝文字游戏。口播强调“商业版图”和“每一层”，展示游戏的实际体量和内容深度，降低下载后的落差感。 |\n| **分镜7**<br>(23-28s)<br>**强力CTA+福利**<br>屏幕中央弹出巨大的“立即下载”按钮，旁边闪烁特效礼包：**“专属福利：网红旗舰店*1 + 100万启动金”**。 | 现在上线直接送现成网红店和100万启动金！不用从零开始，直接当老板！点击下方链接，来《时尚百货城》实现你的逆袭！ | **【精准转化+硬福利直击】**<br>采纳投手建议，去掉虚的热梗，口播改为“不用从零开始，直接当老板”，直击模拟经营用户想“跳过枯燥积累”的痛点。福利具象化为“现成店铺+巨额金币”，这是模拟经营玩家最认的硬通货，强力引导点击下载。 |\n\n### 修改核心逻辑说明（供内部参考）：\n\n1.  **场景统一化**：将分镜5的“私人豪宅/野外喝茶”修正为“自家商场咖啡馆”，确保所有场景都在“百货城”这一核心场域内，避免题材跑偏，强化沉浸感。\n2.  **痛点精准化**：分镜1从“买不起贵包”调整为“喜欢的东西舍不得买”，扩大了目标受众池，不仅限于低收入群体，更包含了所有觉得“商品溢价高”的女性玩家。\n3.  **交互真实化**：分镜2增加了“拖拽操作”细节，分镜6增加了“实机水印”，解决了硬核玩家对“纯自动化/虚假宣传”的担忧，提升信任度。\n4.  **福利直白化**：分镜7的口播删繁就简，直接强调“送现成店”和“不用从零开始”，模拟经营用户对“资源”的渴望远高于“梗”，这一修改能有效提升转化率。\n5.  **逻辑闭环化**：分镜4不再是简单的贴标签，而是通过主角的语言逻辑（衣服是我店里的、家具是我店里的），将“换装”与“经营”深度绑定，完美诠释“百货&时尚”的USP。",
  "category": "模拟经营",
  "metadata": {
    "game_name": "时尚百货城",
    "performance": "用户生成",
    "source": "user_archive",
    "archived_at": "2025-12-30T17:56:41.346906"
  }
}